frame,fps,det_ms,ocr_ms,total_ms
0,0.643460011413914,1316.1861896514893,98.53053092956543,1554.098129272461
1,10.669814296616638,11.697053909301758,19.154071807861328,49.223899841308594
2,10.39583601844049,10.087728500366211,19.94633674621582,46.779632568359375
3,12.670503188542394,7.727622985839844,20.091772079467773,47.402381896972656
4,13.525475324407296,7.528781890869141,19.974708557128906,46.3557243347168
5,13.75907938288736,8.612871170043945,20.122051239013672,46.540021896362305
6,13.317702942129026,8.061408996582031,21.065950393676758,48.70033264160156
7,13.568749494524692,8.27336311340332,21.390676498413086,47.79362678527832
8,10.9898939083089,10.234594345092773,20.98226547241211,49.36552047729492
9,10.52472780469689,8.49771499633789,29.41417694091797,55.55868148803711
10,8.22051491109787,10.385274887084961,55.51767349243164,80.9173583984375
11,10.28741856997096,9.057283401489258,31.3570499420166,57.07907676696777
12,12.209745546851575,8.0413818359375,19.912004470825195,44.132232666015625
13,7.4067538907362245,9.436368942260742,34.80696678161621,95.57890892028809
14,12.30051673675752,8.650541305541992,20.55811882019043,45.54915428161621
15,12.139036009284503,7.791042327880859,20.74456214904785,45.8526611328125
16,10.703741699714689,7.689714431762695,32.2880744934082,57.1284294128418
17,12.451437273825675,8.554935455322266,20.479202270507812,46.66423797607422
18,12.121179894286929,10.110139846801758,19.364118576049805,45.90415954589844
19,11.925834307177444,8.06117057800293,20.721912384033203,46.478986740112305
20,11.1411374080272,7.751941680908203,26.907682418823242,53.238868713378906
21,13.105766556782852,8.035898208618164,12.720346450805664,40.11678695678711
22,12.34461161733889,8.428335189819336,13.780355453491211,39.32809829711914
23,12.774387291106393,7.803678512573242,11.364221572875977,37.45603561401367
24,12.617483905902173,10.370969772338867,12.260913848876953,41.53728485107422
25,11.834542848436284,8.170127868652344,21.8355655670166,49.36075210571289
26,11.20710533487952,8.16798210144043,27.49800682067871,53.25722694396973
27,11.892290985593622,8.199930191040039,20.784616470336914,47.43313789367676
28,10.07950552962833,7.861614227294922,35.16697883605957,61.200618743896484
29,12.288516021668878,8.737325668334961,18.537282943725586,44.38304901123047
30,11.631007115641655,7.818460464477539,23.829221725463867,49.32594299316406
31,12.158283933618378,9.86027717590332,19.03057098388672,45.93920707702637
32,11.70086564507715,8.728981018066406,20.77770233154297,46.32091522216797
33,12.432061367368352,8.593082427978516,19.917726516723633,46.221256256103516
34,11.822134030846938,8.218765258789062,22.708415985107422,47.091007232666016
35,11.747664781686847,8.321046829223633,22.585391998291016,47.9123592376709
36,11.012342696909469,8.800506591796875,29.591798782348633,55.76634407043457
37,11.556148229783716,8.053302764892578,23.224592208862305,49.16501045227051
38,11.268376950128822,8.33272933959961,29.95586395263672,54.9623966217041
39,9.079798587689258,8.61668586730957,25.802969932556152,78.12190055847168
40,8.502662717695163,8.933067321777344,29.35636043548584,83.61434936523438
41,9.282740091050131,8.435964584350586,24.586915969848633,74.69463348388672
42,7.588588632054306,8.281707763671875,23.151477177937824,95.68476676940918
43,7.675858484557892,9.777307510375977,22.845109303792317,97.16987609863281
44,9.582709420943807,8.461713790893555,22.823214530944824,71.40517234802246
45,9.79586193366669,7.809877395629883,21.802783012390137,68.37606430053711
46,8.669159334379179,7.637262344360352,27.877092361450195,82.0455551147461
47,12.759736427411063,7.616996765136719,20.827293395996094,45.59659957885742
48,12.144343329347281,8.079767227172852,22.01080322265625,48.22087287902832
49,11.784036793648207,7.590055465698242,21.48914337158203,46.51641845703125
50,12.688710467881194,8.080005645751953,21.938085556030273,45.86982727050781
51,11.122436045324488,8.09931755065918,31.15677833557129,56.21528625488281
52,11.839019075415353,8.531808853149414,23.499250411987305,50.65608024597168
53,12.164278360232595,7.939338684082031,22.174835205078125,49.7441291809082
54,11.777088288065682,8.06570053100586,22.5527286529541,50.3697395324707
55,12.050416160292821,8.907556533813477,24.299144744873047,50.14610290527344
56,12.10100170798135,7.574558258056641,22.82261848449707,48.40731620788574
57,11.7750714482232,8.60595703125,24.835824966430664,51.879167556762695
58,12.224050548060585,8.398056030273438,23.58245849609375,49.369096755981445
59,12.317205248381905,8.662223815917969,22.3388671875,47.559261322021484
60,12.382623071813418,7.48443603515625,21.834135055541992,46.848297119140625
61,11.466143975243234,8.002758026123047,23.103952407836914,49.51214790344238
62,12.10194442280448,8.204936981201172,21.977663040161133,50.07624626159668
63,12.041248478445603,7.0343017578125,24.293184280395508,50.41003227233887
64,11.927326498983378,8.72492790222168,23.41175079345703,48.70414733886719
65,12.050069956589565,8.957624435424805,23.9255428314209,49.314022064208984
66,11.695971400765732,8.815526962280273,25.15411376953125,51.34177207946777
67,11.452305995232647,8.010387420654297,23.652315139770508,49.39532279968262
68,11.641692780397632,7.546901702880859,24.42622184753418,51.39613151550293
69,12.066224212976149,7.124423980712891,23.151397705078125,50.03046989440918
70,12.143393997649088,7.956266403198242,24.00803565979004,48.519134521484375
71,11.98673952308009,9.253978729248047,23.45108985900879,50.56619644165039
72,11.71701302075331,7.667064666748047,23.316621780395508,50.41670799255371
73,10.366519113892451,8.282184600830078,24.32727813720703,59.804677963256836
74,12.026367778322566,8.507966995239258,24.703025817871094,50.11296272277832
75,11.478978625578149,8.592367172241211,26.52287483215332,53.65943908691406
76,10.980715763018038,8.884906768798828,28.795719146728516,56.534528732299805
77,11.523066441020681,9.649038314819336,26.84187889099121,52.54340171813965
78,11.261781187153801,9.254932403564453,26.60512924194336,52.3829460144043
79,11.581740062074068,7.9059600830078125,27.007102966308594,53.06291580200195
80,11.299127708065063,9.018898010253906,25.979042053222656,53.124189376831055
81,11.692417484388939,8.847951889038086,26.9777774810791,53.39312553405762
82,11.1982485649446,8.771896362304688,27.802467346191406,52.7653694152832
83,11.65725593520881,7.866144180297852,26.630640029907227,52.06012725830078
84,10.980227075790538,8.377313613891602,28.249025344848633,55.267333984375
85,11.022268940687988,8.17108154296875,27.14252471923828,52.805185317993164
86,11.493794513302952,7.750988006591797,28.713226318359375,53.339481353759766
87,10.796871862724403,9.064435958862305,33.25366973876953,59.723615646362305
88,17.25766951942067,7.623910903930664,0,23.88739585876465
89,17.507780671876045,7.033824920654297,0,24.111270904541016
90,17.178857692859044,7.583379745483398,0,23.78082275390625
91,15.47719364278097,6.850481033325195,0,24.65987205505371
92,16.68889834993216,6.853342056274414,0,24.385929107666016
93,16.319233043857192,8.575439453125,0,26.449918746948242
94,16.319487027843056,8.517026901245117,0,26.4129638671875
95,17.14402965857487,6.9599151611328125,0,23.96559715270996
96,16.568257140938485,7.416963577270508,0,26.022911071777344
97,15.502879319903899,8.430242538452148,0,25.73680877685547
98,7.980258188494725,10.13636589050293,62.433719635009766,92.65279769897461
99,11.90606415864518,34.063100814819336,0,49.86739158630371
100,9.625372055398103,49.73936080932617,0,67.71016120910645
101,12.170384642169038,30.417442321777344,0,49.05509948730469
102,12.632037995765533,28.411149978637695,0,46.16045951843262
103,6.693974742211277,30.89118003845215,65.06490707397461,114.79973793029785
104,6.136302655506837,41.77570343017578,66.18332862854004,127.25591659545898
105,6.5224857049107925,35.53175926208496,62.569618225097656,115.30470848083496
106,6.0360032868937274,27.304887771606445,87.58735656738281,131.17218017578125
107,6.824001041259924,32.40036964416504,60.916900634765625,111.70840263366699
108,7.593672036528093,24.034500122070312,52.25038528442383,96.12631797790527
109,7.223637528503228,29.886960983276367,51.37801170349121,99.22504425048828
110,7.261543788575238,25.77829360961914,61.86532974243164,103.14464569091797
111,13.040733013919677,8.38160514831543,17.4562931060791,42.844295501708984
112,11.127009561000456,8.173942565917969,26.714801788330078,53.487539291381836
113,12.713749192944594,9.078741073608398,18.355131149291992,44.68894004821777
114,13.147876242124072,8.481264114379883,17.256736755371094,41.49746894836426
115,13.136634271163826,8.440732955932617,16.765356063842773,42.20175743103027
116,13.176086225799256,7.972002029418945,18.174409866333008,42.217254638671875
117,13.026800217408184,7.678031921386719,17.349958419799805,41.86081886291504
118,12.640146583731134,7.783412933349609,18.661022186279297,45.02105712890625
119,12.655402143477842,8.4686279296875,18.338918685913086,43.900251388549805
120,10.59909077814532,7.88426399230957,16.311168670654297,59.5097541809082
121,10.447417976027978,8.123636245727539,15.493512153625488,58.03871154785156
122,8.721961363305537,7.931947708129883,27.523159980773926,80.47795295715332
123,10.717170504109996,7.470607757568359,17.19045639038086,61.135292053222656
124,14.488096718480138,7.705926895141602,9.419441223144531,35.60495376586914
125,13.627294200209885,7.868289947509766,9.187459945678711,36.31711006164551
126,13.170955657228271,7.594585418701172,7.318973541259766,33.70952606201172
127,13.56624791378262,7.661342620849609,9.627580642700195,34.50584411621094
128,12.10707955916567,7.6274871826171875,22.86243438720703,48.586368560791016
129,11.44533705902899,7.398128509521484,27.199745178222656,53.192853927612305
130,12.379589620079809,8.696556091308594,18.140792846679688,42.93560981750488
131,12.255518089750408,7.77745246887207,16.849517822265625,44.70109939575195
132,12.275353029837424,8.608579635620117,18.16725730895996,43.189287185668945
133,11.77242745914753,8.23521614074707,22.617816925048828,47.60861396789551
134,11.025716921960722,8.649587631225586,28.650522232055664,53.36403846740723
135,11.444306501826754,7.067203521728516,27.461528778076172,53.24435234069824
136,11.875220131484323,8.235692977905273,23.609638214111328,48.69842529296875
137,12.007122450031204,7.988929748535156,23.20408821105957,48.71964454650879
138,12.090188459520693,8.828401565551758,22.705078125,47.81222343444824
139,11.815207103258665,9.980201721191406,23.11420440673828,49.74794387817383
140,9.312170439887126,8.269786834716797,23.82946014404297,72.74699211120605
141,9.024375235328922,8.292913436889648,24.040699005126953,75.54769515991211
142,5.138988915340253,36.04602813720703,52.6278018951416,160.55655479431152
143,5.645472777441281,22.004365921020508,51.45561695098877,141.79229736328125
144,9.250882784327132,8.010149002075195,23.090362548828125,72.55172729492188
145,9.577435972379526,8.127689361572266,20.159125328063965,65.88220596313477
146,10.01854514706655,7.896900177001953,19.76168155670166,64.81146812438965
147,10.44338596146137,7.746458053588867,18.494248390197754,62.349796295166016
148,9.887492544842917,7.879734039306641,19.67012882232666,65.32502174377441
149,9.972192106514504,8.739471435546875,18.43845844268799,65.05680084228516
150,8.431219382760471,8.630037307739258,28.244376182556152,80.27410507202148
151,10.207453772882362,7.857799530029297,18.993854522705078,62.13021278381348
152,12.198772649274352,8.314132690429688,20.410776138305664,45.702219009399414
153,12.515304326030781,9.00411605834961,19.298791885375977,46.24652862548828
154,12.275712299700007,8.495569229125977,19.919395446777344,46.339988708496094
155,12.179643987571508,9.066581726074219,20.092010498046875,46.29397392272949
156,12.092733065202035,7.857561111450195,20.125389099121094,46.30732536315918
157,11.73071103541053,7.09080696105957,21.265506744384766,48.28500747680664
158,12.57055514429316,7.705211639404297,21.016597747802734,47.03259468078613
159,12.073587702759108,11.080026626586914,21.4388370513916,50.22025108337402
160,11.149666916545714,8.795499801635742,29.255151748657227,54.18086051940918
161,11.86185364087829,8.985280990600586,24.56808090209961,51.012277603149414
162,12.124263245679202,7.695198059082031,22.27306365966797,47.75261878967285
163,11.754315067917306,7.647275924682617,23.631572723388672,48.99454116821289
164,10.901629927665624,7.852077484130859,30.48419952392578,56.481361389160156
165,11.635169285823267,8.237361907958984,26.3211727142334,51.384925842285156
166,10.923605414006932,8.058309555053711,29.78658676147461,56.31685256958008
167,10.506247182004909,8.013725280761719,31.141996383666992,60.07099151611328
168,11.081999265481043,8.84556770324707,26.976823806762695,53.699493408203125
169,10.757659852778989,8.26120376586914,30.156612396240234,55.92083930969238
170,11.213936999032153,7.986783981323242,30.373334884643555,54.611921310424805
171,11.575059954685573,6.906270980834961,26.441097259521484,52.64592170715332
172,17.554677559766958,7.5893402099609375,0,22.866487503051758
173,16.865591700510677,6.725311279296875,0,24.031877517700195
174,17.15728415868315,7.27534294128418,0,24.10101890563965
175,16.978169615569886,7.995367050170898,0,24.31941032409668
176,17.030839258233616,7.600545883178711,0,24.0478515625
177,10.978876225676249,8.072376251220703,26.380538940429688,56.157588958740234
178,11.528545787878038,8.125543594360352,26.19624137878418,52.05130577087402
179,10.968138741867325,8.231163024902344,31.77928924560547,56.45179748535156
180,11.378703779061881,9.408235549926758,27.276992797851562,52.64997482299805
181,6.365769998967952,37.90688514709473,64.03589248657227,119.37189102172852
182,5.858686542480081,41.22304916381836,76.36761665344238,136.56997680664062
183,6.4847501913280094,30.125856399536133,72.1893310546875,119.17543411254883
184,5.481088088318314,50.09722709655762,79.21504974365234,146.10981941223145
185,7.697976353471914,23.652076721191406,52.82998085021973,94.44022178649902
186,8.186963098874715,19.613981246948242,49.56388473510742,86.35807037353516
187,7.369055023208908,23.22077751159668,53.638458251953125,93.22476387023926
188,6.613107635740988,39.209604263305664,58.52675437927246,113.97099494934082
189,7.513765280823194,35.41731834411621,45.801401138305664,97.89586067199707
190,7.20673266918443,18.90730857849121,62.2403621673584,99.82919692993164
191,5.816245479354796,33.045053482055664,42.14036464691162,136.31081581115723
192,9.42199339115511,7.89332389831543,21.851181983947754,69.12779808044434
193,10.830746348051305,8.02755355834961,29.146671295166016,54.16440963745117
194,11.53736167309877,8.23974609375,26.64804458618164,51.6505241394043
195,12.286068303713966,8.870124816894531,21.723031997680664,47.30820655822754
196,10.896503707244584,7.598638534545898,15.193462371826172,55.05990982055664
197,12.428893156010716,8.285045623779297,20.221471786499023,45.50504684448242
198,11.893403807655009,8.782386779785156,21.614789962768555,46.73171043395996
199,12.892301450201947,9.083032608032227,17.1048641204834,43.041229248046875
200,12.769137095399303,8.006811141967773,17.194747924804688,42.37866401672363
201,12.383902683870206,8.389472961425781,20.146608352661133,46.44036293029785
202,12.028437133458944,8.202075958251953,22.565126419067383,47.99628257751465
203,16.863964232009458,7.258176803588867,0,23.593425750732422
204,16.44625163215452,6.096124649047852,0,23.799896240234375
205,12.258419380576752,7.420778274536133,18.390655517578125,43.75004768371582
206,12.90475663036121,8.02302360534668,17.613649368286133,42.574167251586914
207,13.327054756435064,7.716178894042969,16.224145889282227,42.0989990234375
208,13.150803131633321,7.409572601318359,17.293930053710938,42.11902618408203
209,13.452293363182388,7.256269454956055,14.85896110534668,40.81225395202637
210,13.013381651655099,8.311986923217773,15.48004150390625,40.95339775085449
211,13.517585445638687,7.547616958618164,15.474796295166016,40.32635688781738
212,13.30663316455375,7.383823394775391,15.760660171508789,39.3977165222168
213,13.142108726304246,7.964849472045898,17.029285430908203,42.70601272583008
214,8.615470571077616,17.734527587890625,46.86927795410156,80.84321022033691
215,12.539587724412156,30.345439910888672,0,45.54486274719238
216,7.257234214842858,27.505874633789062,53.02715301513672,101.70102119445801
217,7.306093369774057,28.041601181030273,53.84206771850586,99.52402114868164
218,8.17196909918072,30.33161163330078,41.56231880187988,89.98727798461914
219,7.508398449737297,29.031038284301758,54.5353889465332,100.67868232727051
220,7.296764013590412,34.66796875,49.26276206970215,102.05197334289551
221,7.660619343762272,22.518157958984375,55.93228340148926,95.09730339050293
222,5.536413735752424,53.82180213928223,73.45819473266602,143.75662803649902
223,8.075240227722983,27.40478515625,44.21544075012207,88.00983428955078
224,7.298147929035267,34.70659255981445,49.02839660644531,101.07779502868652
225,8.609334107857244,15.574932098388672,45.96209526062012,79.87141609191895
226,7.6722359818982016,27.74500846862793,49.62563514709473,94.79022026062012
227,7.689762393663831,24.11484718322754,51.55301094055176,94.18296813964844
228,13.05294868204027,7.033348083496094,15.122175216674805,41.057586669921875
229,12.835842271969153,7.702112197875977,16.39389991760254,41.00203514099121
230,12.778824153091039,7.409811019897461,17.779827117919922,44.27456855773926
231,12.37235919128275,8.693218231201172,18.65077018737793,44.11149024963379
232,12.933447220003762,7.41887092590332,17.217636108398438,42.11020469665527
233,13.359017479488356,7.6999664306640625,14.630794525146484,39.69931602478027
234,13.010434890501893,8.985519409179688,14.253377914428711,41.146039962768555
235,11.405127312674708,8.754968643188477,26.694774627685547,52.240848541259766
236,13.22974047111369,7.762432098388672,15.061140060424805,40.52090644836426
237,13.28143583637849,8.376598358154297,15.95616340637207,40.332794189453125
238,11.75751119882041,9.056806564331055,19.263267517089844,46.2801456451416
239,13.239136267364454,7.222175598144531,15.549898147583008,40.57931900024414
240,12.636110023197663,9.10329818725586,15.468597412109375,42.055606842041016
241,12.498000584032086,9.824514389038086,15.700817108154297,42.215585708618164
242,13.038381791108804,7.927656173706055,15.244483947753906,41.567087173461914
243,12.998137502517935,8.208274841308594,18.59116554260254,43.51472854614258
244,16.779430884876803,7.046937942504883,0,22.764921188354492
245,15.722960080670857,9.965658187866211,0,28.064727783203125
246,12.232927931869222,8.182525634765625,17.031192779541016,43.94054412841797
247,12.399022103187624,8.397102355957031,16.246318817138672,40.91048240661621
248,11.455058404546733,8.097171783447266,27.205705642700195,51.862478256225586
249,12.752442976935379,9.39178466796875,19.071102142333984,44.42477226257324
250,12.045847872600124,8.161544799804688,20.93791961669922,45.94850540161133
251,4.440583183965935,34.531354904174805,69.64874267578125,190.50335884094238
252,11.850559286644648,7.1258544921875,21.283388137817383,47.026634216308594
253,12.068064243254286,7.117748260498047,20.368099212646484,45.35722732543945
254,12.288984078803185,9.252071380615234,20.679950714111328,45.57371139526367
255,12.997372204868858,8.00633430480957,17.493247985839844,43.30801963806152
256,12.330566947421028,8.394241333007812,17.432689666748047,44.059038162231445
257,12.765833630085496,9.009838104248047,17.344951629638672,44.718265533447266
258,12.625649824656461,7.826566696166992,15.997171401977539,43.962717056274414
259,12.952658592172146,8.203268051147461,16.967296600341797,42.702674865722656
260,12.356103366602643,8.617639541625977,18.235445022583008,44.33584213256836
261,13.112117043891459,7.452487945556641,16.573667526245117,41.49985313415527
262,12.46920531671686,8.399724960327148,16.8764591217041,43.57552528381348
263,10.675680353488561,9.183883666992188,32.57584571838379,58.516502380371094
264,12.55587919209941,7.519960403442383,17.432451248168945,42.44589805603027
265,12.312721636410606,8.321762084960938,16.961097717285156,43.51973533630371
266,12.69159008590561,8.242130279541016,19.51122283935547,44.05951499938965
267,12.364809131725494,9.162425994873047,19.983291625976562,45.699119567871094
268,12.381087886364375,7.13801383972168,19.56796646118164,45.56751251220703
269,12.283117940427974,8.51130485534668,18.625736236572266,44.89326477050781
270,11.568451363069693,13.340473175048828,16.891002655029297,48.000335693359375
271,12.35239166671575,8.600950241088867,16.484498977661133,43.299198150634766
272,12.634168822914564,8.105278015136719,15.363454818725586,41.99838638305664
273,10.799874345334041,13.749122619628906,23.28348159790039,54.91185188293457
274,12.32002725836109,7.899999618530273,17.076492309570312,43.709516525268555
275,12.55178357672971,7.091522216796875,16.433238983154297,42.31095314025879
276,12.718336850787182,8.044242858886719,16.384363174438477,43.02668571472168
277,12.597247667846009,8.347511291503906,15.266180038452148,40.91525077819824
278,11.531334970074038,9.114980697631836,19.415855407714844,45.75014114379883
279,12.693472142359955,8.118867874145508,17.421245574951172,42.028188705444336
280,12.395541002210585,9.16743278503418,16.253232955932617,43.9450740814209
281,12.303150657205798,7.002353668212891,18.558263778686523,43.16353797912598
282,12.803321174010593,8.219480514526367,17.25292205810547,41.350364685058594
283,12.619002346711595,7.600069046020508,16.175031661987305,42.395591735839844
284,12.931453465248852,9.370088577270508,14.911174774169922,42.91725158691406
285,12.834742482244112,7.927179336547852,15.716552734375,42.91677474975586
286,12.250506749849581,8.899211883544922,19.443988800048828,44.7390079498291
287,12.294099025688524,8.181333541870117,19.359827041625977,45.063018798828125
288,12.619154210893686,8.124113082885742,18.180370330810547,43.49708557128906
289,12.198808128459206,7.8220367431640625,18.443584442138672,45.033931732177734
290,12.758106315930355,8.067131042480469,18.291950225830078,44.00134086608887
291,12.534865859161833,8.388996124267578,17.1966552734375,43.91360282897949
292,12.248682208574625,8.07809829711914,19.643306732177734,46.29206657409668
293,10.35257413376906,9.398698806762695,16.99507236480713,60.58192253112793
294,10.407728058878558,8.226633071899414,16.060590744018555,58.977365493774414
295,10.72237603311067,8.050203323364258,15.829920768737793,57.71374702453613
296,9.48088138229098,12.950897216796875,18.996596336364746,69.5345401763916
297,10.072872938260694,7.898092269897461,18.008947372436523,62.404632568359375
298,10.112434210050463,9.23013687133789,17.629146575927734,62.328338623046875
299,9.18852415920363,11.510372161865234,20.707130432128906,72.94845581054688
300,9.66705694714619,7.606983184814453,20.1265811920166,66.30825996398926
301,11.753590413979985,9.044408798217773,20.504236221313477,47.89471626281738
302,10.2406250381493,9.129047393798828,18.17166805267334,63.446998596191406
303,9.873759690013724,8.302688598632812,19.74785327911377,66.12038612365723
304,10.181189709830424,8.800268173217773,18.781304359436035,63.336849212646484
305,10.031844132609741,8.005380630493164,19.191861152648926,63.163042068481445
306,9.79508413026471,9.111404418945312,20.346403121948242,66.22576713562012
307,9.957868496337888,8.080720901489258,19.36030387878418,63.395023345947266
308,7.394922662190776,8.763551712036133,22.641897201538086,94.46144104003906
309,8.066651793613305,9.141206741333008,19.279321034749348,85.45732498168945
310,9.377314535349065,8.713245391845703,21.35491371154785,70.78981399536133
311,9.591102004975852,8.848190307617188,20.238280296325684,66.66326522827148
312,9.805021845800674,9.30166244506836,20.385026931762695,65.25802612304688
313,11.576976900167542,9.330034255981445,21.365880966186523,48.178672790527344
314,9.74533389406377,8.947372436523438,20.119667053222656,65.93585014343262
315,11.852200155983317,9.389162063598633,22.644758224487305,48.61259460449219
316,11.684762713989219,9.77468490600586,23.28348159790039,49.73745346069336
317,11.98403387515679,9.169578552246094,22.274494171142578,48.72918128967285
318,11.6208561794702,8.294820785522461,24.571657180786133,49.5145320892334
319,11.324418092916137,8.173227310180664,27.518272399902344,54.27241325378418
320,11.834576240579441,8.410930633544922,22.671937942504883,48.15530776977539
321,12.046332223757183,9.104013442993164,22.760391235351562,48.148393630981445
322,8.78916542508272,8.315086364746094,24.331212043762207,75.90770721435547
323,8.39040354635892,8.69607925415039,28.15234661102295,83.97078514099121
324,10.701775335139796,12.081146240234375,25.98738670349121,57.062625885009766
325,11.27734504185006,11.469364166259766,23.595094680786133,51.85556411743164
326,7.54125725258504,21.860122680664062,54.546356201171875,96.27342224121094
327,6.225293579833529,44.294118881225586,62.08038330078125,124.63021278381348
328,7.013100538902832,25.983572006225586,57.857513427734375,102.27394104003906
329,7.066554571446382,33.53285789489746,48.44498634338379,103.76477241516113
330,6.64589486493681,27.03261375427246,67.37852096557617,112.56694793701172
331,6.807575760034928,23.26798439025879,66.85996055603027,108.3526611328125
332,6.18447387861085,27.164936065673828,79.24652099609375,122.9240894317627
333,11.631007115641655,10.576963424682617,17.81296730041504,48.06852340698242
334,12.024747280723382,8.705377578735352,18.752098083496094,46.25654220581055
335,11.94379929948458,8.59212875366211,19.81377601623535,47.10125923156738
336,10.83880704238819,8.924722671508789,28.749704360961914,55.12499809265137
337,12.198879087448049,8.047819137573242,16.945600509643555,43.189048767089844
338,11.943493204320303,7.163763046264648,18.7532901763916,43.32256317138672
339,12.266736857497989,7.331371307373047,18.77880096435547,45.29309272766113
340,12.478331106992298,7.362604141235352,18.488645553588867,44.13008689880371
341,12.473914931330038,8.14962387084961,17.366647720336914,43.80679130554199
342,12.44024724459894,8.028268814086914,17.96746253967285,43.79630088806152
343,12.517433306374356,8.883476257324219,18.363237380981445,44.56448554992676
344,12.397629428195616,8.226156234741211,18.33200454711914,43.723106384277344
345,12.080090320499528,8.99815559387207,18.753528594970703,46.67043685913086
346,10.327008068467483,9.138107299804688,17.379045486450195,60.198307037353516
347,9.831544453221507,7.704257965087891,18.63706111907959,64.3930435180664
348,9.938261190988447,8.266448974609375,18.2267427444458,62.62373924255371
349,12.186686269325422,8.164405822753906,18.30148696899414,44.12984848022461
350,12.36378857508379,8.379220962524414,18.447399139404297,44.11458969116211
351,11.87239655572602,9.397268295288086,22.153615951538086,48.639774322509766
352,11.086187938763427,14.581918716430664,23.00572395324707,52.93536186218262
353,6.442328900521309,8.680582046508789,45.67086696624756,118.59679222106934
354,4.884191110112244,25.2077579498291,60.6992244720459,166.0745143890381
355,6.299588769100909,33.895015716552734,34.951210021972656,122.94173240661621
356,11.730973510730237,7.597923278808594,18.43857765197754,44.04425621032715
357,12.456910351791628,8.136749267578125,18.350839614868164,44.12984848022461
358,12.145609335862279,8.165121078491211,18.493175506591797,45.301198959350586
359,12.451215493722893,7.003545761108398,18.654346466064453,43.57624053955078
360,12.47922214321205,7.272958755493164,18.1734561920166,44.14629936218262
361,11.590349260388141,11.193275451660156,19.028186798095703,47.14512825012207
362,10.907810456071548,8.587360382080078,27.183055877685547,54.53968048095703
363,12.463425143152596,7.922172546386719,19.834518432617188,44.83675956726074
364,11.352371672553558,7.981300354003906,25.77066421508789,51.26142501831055
365,11.481492431085927,9.310483932495117,23.42677116394043,52.19459533691406
366,12.682303210258798,9.006261825561523,18.28312873840332,43.7777042388916
367,12.27837155043457,9.98544692993164,18.25690269470215,46.47469520568848
368,11.141078220956672,10.161161422729492,20.531654357910156,47.92428016662598
369,12.503812879722872,8.21375846862793,19.78325843811035,44.327497482299805
370,12.222340726235332,8.349418640136719,18.271684646606445,45.03035545349121
371,11.716391143787746,7.803678512573242,25.30670166015625,49.651145935058594
372,12.054814678561575,8.385419845581055,17.68779754638672,45.1817512512207
373,10.53773738967457,9.13548469543457,26.700735092163086,55.74941635131836
374,12.212162945148245,8.242130279541016,19.19722557067871,47.26529121398926
375,10.996982210511137,8.269309997558594,30.432701110839844,56.21170997619629
376,10.854683557407384,8.104324340820312,29.46186065673828,55.91177940368652
377,10.599733635920233,8.233070373535156,33.51902961730957,58.516740798950195
378,11.946486808263385,8.4075927734375,22.134065628051758,47.904014587402344
379,13.365786194787274,7.021903991699219,14.487981796264648,41.25213623046875
380,12.023954430394262,12.098550796508789,15.312433242797852,44.637441635131836
381,12.373527173175523,7.1430206298828125,14.281034469604492,39.880990982055664
382,12.653073291400817,9.11569595336914,14.907121658325195,41.83626174926758
383,13.316307643463768,8.159637451171875,14.330863952636719,39.97349739074707
384,13.01188792097883,8.509397506713867,14.150142669677734,40.99559783935547
385,9.11220847499973,9.065389633178711,23.60832691192627,73.5938549041748
386,10.777562504817945,8.292198181152344,29.054641723632812,56.2596321105957
387,7.728971222080332,9.085655212402344,32.13000297546387,91.56227111816406
388,4.099631216321488,28.1829833984375,79.86092567443848,205.43360710144043
389,4.9156627635648515,26.39174461364746,60.175418853759766,166.78190231323242
390,7.463240776163489,14.209270477294922,63.04168701171875,96.43340110778809
391,14.018208312723091,8.05354118347168,11.015892028808594,35.98165512084961
392,12.477514435562801,9.330987930297852,17.27128028869629,44.78001594543457
393,13.656889815056005,8.161544799804688,11.073589324951172,36.81540489196777
394,13.407571500266917,8.954524993896484,10.842561721801758,38.666725158691406
395,13.511880830885007,9.029150009155273,11.144876480102539,38.4974479675293
396,13.741994246735121,7.974386215209961,11.204719543457031,36.33904457092285
397,13.471953131022433,7.604837417602539,11.227130889892578,37.25147247314453
398,12.700813653142118,8.004903793334961,11.269092559814453,37.5218391418457
399,14.103478538643891,9.186744689941406,11.518239974975586,37.3384952545166
400,14.221788207689517,7.660627365112305,10.481834411621094,36.87119483947754
401,13.649512180834792,8.473396301269531,10.783195495605469,38.813114166259766
402,12.761172823166817,9.127616882324219,11.343002319335938,39.78538513183594
403,13.04568145837286,8.13746452331543,15.436887741088867,42.12784767150879
404,13.59813517395209,10.257720947265625,11.211633682250977,37.641286849975586
405,10.662002908070404,9.310007095336914,16.24131202697754,58.717966079711914
406,9.958294059408292,7.415771484375,20.304322242736816,65.47689437866211
407,10.51744379944583,9.193181991577148,16.47818088531494,60.30678749084473
408,10.549956485212519,9.02104377746582,16.57414436340332,59.452056884765625
409,11.391095817864311,8.296728134155273,12.703895568847656,52.06608772277832
410,11.130346172728117,8.223295211791992,13.210892677307129,51.90539360046387
411,14.179622580274376,8.330583572387695,9.930849075317383,36.219120025634766
412,14.054942329989077,8.155107498168945,11.107921600341797,36.6055965423584
413,14.141090477539075,8.036136627197266,11.224031448364258,36.80849075317383
414,14.025098894190739,9.363651275634766,11.148214340209961,36.28659248352051
415,14.323292274383519,8.147716522216797,10.366201400756836,36.276817321777344
416,13.88902171285519,8.401870727539062,11.595964431762695,37.23621368408203
417,14.120524111555502,7.261514663696289,9.953022003173828,37.706851959228516
418,13.880242770817201,8.191347122192383,10.999679565429688,37.61744499206543
419,12.691858916943039,9.14621353149414,11.999368667602539,43.0302619934082
420,13.144827067480664,7.999658584594727,11.05356216430664,39.07513618469238
421,9.980806068956326,8.459806442260742,18.39888095855713,62.41917610168457
422,9.728606850354069,9.201765060424805,18.354177474975586,63.97867202758789
423,9.897969104716415,10.30421257019043,18.44191551208496,65.96899032592773
424,12.590932423954058,9.241580963134766,14.71090316772461,42.04583168029785
425,13.157073531856694,10.744094848632812,14.34469223022461,42.659759521484375
426,12.65731167804354,9.215354919433594,14.983415603637695,42.27948188781738
427,13.675903916946263,8.565187454223633,12.10165023803711,37.71710395812988
428,12.349882075124476,10.51950454711914,13.077259063720703,40.14420509338379
429,13.587474772343686,7.879495620727539,13.016462326049805,38.55562210083008
430,12.916718762992002,12.211322784423828,13.274431228637695,42.344093322753906
431,13.113961886597776,9.074211120605469,14.09292221069336,39.73531723022461
432,12.886478780635429,9.993314743041992,12.999534606933594,41.165828704833984
433,12.335353784891023,9.999513626098633,16.35909080505371,44.23069953918457
434,12.485797467299346,9.142398834228516,16.91126823425293,44.87299919128418
435,12.671651575986635,8.93402099609375,16.93272590637207,44.2960262298584
436,12.427972467250784,10.725975036621094,17.174243927001953,45.64785957336426
437,12.097232316939513,11.230945587158203,16.411781311035156,46.7681884765625
438,12.150429608514534,9.036779403686523,18.259286880493164,45.51386833190918
439,12.0320947351209,10.720014572143555,17.341136932373047,47.06001281738281
440,12.550281268701376,9.526729583740234,16.92509651184082,43.96677017211914
441,12.184349735792491,10.31804084777832,17.551898956298828,47.506093978881836
442,11.47486464525978,11.2152099609375,18.16272735595703,49.49545860290527
443,9.25261741413161,13.000249862670898,37.08195686340332,71.08020782470703
444,7.811873037395188,29.14285659790039,37.86516189575195,89.01190757751465
445,8.064573439212444,30.918121337890625,32.05299377441406,84.99908447265625
446,8.375291286853903,28.0911922454834,33.99944305419922,83.55402946472168
447,5.936450333600365,49.999237060546875,31.259536743164062,132.51948356628418
448,7.530520275632256,17.92597770690918,30.498027801513672,97.47910499572754
449,5.482714492062144,45.204877853393555,41.08870029449463,146.93021774291992
450,8.67367707060242,21.168947219848633,19.770383834838867,77.0258903503418
451,11.181620177709293,8.999824523925781,9.50014591217041,47.99818992614746
452,11.764205637097476,8.000850677490234,9.000658988952637,47.99342155456543
453,11.310187869260037,11.008739471435547,9.176254272460938,50.35543441772461
454,11.931058612695388,8.803129196166992,8.499622344970703,46.25344276428223
455,11.853372483743065,9.001016616821289,7.998943328857422,45.989274978637695
456,11.451868233880766,9.288787841796875,8.99958610534668,50.933122634887695
457,11.656899556158338,8.785009384155273,8.500456809997559,47.7752685546875
458,11.339511846957425,10.00070571899414,8.991122245788574,45.99809646606445
459,14.206566250165121,9.201288223266602,8.317947387695312,34.036874771118164
460,14.565882050605305,8.375167846679688,7.392168045043945,32.73916244506836
461,14.474696998978493,8.513927459716797,7.879734039306641,33.86092185974121
462,14.416883786477847,8.490562438964844,8.348226547241211,33.58125686645508
463,14.15220787458962,7.275819778442383,10.412216186523438,34.79170799255371
464,13.150143437161983,9.056568145751953,9.875297546386719,37.48965263366699
465,14.477145095765207,8.312702178955078,8.146286010742188,33.307552337646484
466,14.25499432424533,7.964372634887695,7.998943328857422,33.96320343017578
467,12.803516590860527,9.991168975830078,7.999658584594727,38.99860382080078
468,13.157692645527211,9.003400802612305,8.00180435180664,39.00027275085449
469,12.815369996364048,8.999824523925781,7.999420166015625,38.99860382080078
470,13.20736964414481,10.000467300415039,8.000373840332031,39.37196731567383
471,13.434110687255176,9.002447128295898,7.997751235961914,38.001060485839844
472,13.476065171362384,8.788824081420898,7.48443603515625,38.20657730102539
473,13.81709651171601,9.213685989379883,8.000373840332031,35.2025032043457
474,12.166324870122148,10.001659393310547,12.993335723876953,43.75338554382324
475,12.406026868903178,8.000373840332031,12.978553771972656,43.02716255187988
476,8.494380020009155,29.002666473388672,30.997276306152344,80.72376251220703
477,8.372499311325011,29.742717742919922,30.997037887573242,83.73904228210449
478,8.363534124694167,27.000904083251953,33.26416015625,80.26289939880371
479,8.583663161686156,25.112152099609375,33.212900161743164,77.50582695007324
480,8.746497171253344,27.798891067504883,29.08921241760254,76.019287109375
481,8.223996486329627,29.35624122619629,29.79278564453125,80.51037788391113
482,8.66948187374561,26.865243911743164,28.96904945373535,76.52401924133301
483,9.548285462571112,18.74399185180664,26.755809783935547,68.41301918029785
484,9.539859118730112,26.185989379882812,23.60391616821289,68.05872917175293
485,7.5425727048431535,31.000137329101562,44.580698013305664,95.57938575744629
486,10.146437755366167,14.997482299804688,25.5584716796875,61.55657768249512
487,9.830507521176013,17.000436782836914,26.72553062438965,63.72427940368652
488,9.856589265697373,14.239311218261719,26.56078338623047,59.39888954162598
489,13.195901198367778,23.94890785217285,0,40.457963943481445
490,13.125041853769968,23.117780685424805,0,40.88950157165527
491,14.179814330243344,14.001607894897461,0,32.998085021972656
492,12.744538233882093,20.999908447265625,0,40.71497917175293
493,11.51373504956257,28.75804901123047,0,47.84393310546875
494,13.314363169439497,17.983675003051758,0,36.10658645629883
495,14.398324779869895,18.316268920898438,0,34.952402114868164
496,13.146639919759277,23.638248443603516,0,40.8017635345459
497,14.364103986657488,16.25537872314453,0,34.952402114868164
498,13.437726068388391,22.876262664794922,0,39.58892822265625
499,12.095243862699807,26.918888092041016,0,45.575618743896484
500,13.117694155324259,23.444414138793945,0,40.31848907470703
501,12.350027530850747,24.985790252685547,0,44.43693161010742
502,10.12630160864705,11.244058609008789,32.68623352050781,63.18807601928711
503,13.679204485044957,22.089242935180664,0,36.826372146606445
504,10.279199486322351,43.7774658203125,0,61.3245964050293
505,11.76028038693397,30.29322624206543,0,47.599077224731445
506,8.52415917926873,31.438827514648438,29.97756004333496,82.57532119750977
507,8.752702936763487,31.147241592407227,30.41815757751465,78.47809791564941
508,12.71016618383253,26.42202377319336,0,41.68367385864258
509,12.26365233866747,28.296709060668945,0,46.59008979797363
510,8.41852744654502,35.243988037109375,29.4039249420166,83.3740234375
511,9.806305600692049,19.437551498413086,28.064727783203125,65.39225578308105
512,8.620021086076818,32.13143348693848,28.655290603637695,79.04767990112305
513,8.211148655262468,36.17095947265625,32.13024139404297,85.37697792053223
514,8.500853266531278,26.64923667907715,35.84575653076172,81.73465728759766
515,9.198055258893111,20.412445068359375,36.02719306945801,72.59631156921387
516,8.882116136792463,30.48872947692871,28.34153175354004,77.17275619506836
517,8.42728925769281,31.118154525756836,31.394004821777344,81.27832412719727
518,8.097440243716443,32.31239318847656,30.292987823486328,81.7875862121582
519,8.788889168280152,32.04154968261719,27.559757232666016,77.1479606628418
520,8.925703268477356,27.581214904785156,31.476736068725586,76.53284072875977
521,8.919287784608645,26.84950828552246,28.903961181640625,75.38890838623047
522,9.451803577183007,24.979114532470703,27.73904800415039,70.95575332641602
523,8.753945146754658,23.219585418701172,35.54701805114746,77.24761962890625
524,13.7307026244889,19.51313018798828,0,35.86292266845703
525,5.9406039317885675,26.787996292114258,87.68916130065918,134.09137725830078
526,10.0300209242542,8.38613510131836,36.20481491088867,61.83743476867676
527,10.363778329066882,9.982109069824219,34.7142219543457,61.37537956237793
528,10.826664601644275,9.147882461547852,31.456947326660156,55.873870849609375
529,10.497070593564565,9.081840515136719,35.0184440612793,58.020591735839844
530,10.436084239022254,10.008811950683594,35.837650299072266,60.19282341003418
531,9.018398866438893,13.216733932495117,23.465752601623535,74.54061508178711
532,8.819919713846522,8.908271789550781,25.973916053771973,75.98447799682617
533,8.820643098988455,10.689020156860352,26.465773582458496,79.12230491638184
534,9.228351030358501,9.943008422851562,24.063706398010254,71.58017158508301
535,9.21333002374556,12.782812118530273,23.429512977600098,73.2269287109375
536,9.255475869982567,9.168624877929688,24.009227752685547,70.82176208496094
537,10.388677805903828,11.103391647338867,38.30981254577637,61.58924102783203
538,10.395681420491442,9.055614471435547,37.45245933532715,60.22524833679199
539,10.585795770026753,8.261442184448242,36.88383102416992,60.562849044799805
540,10.289841419375097,12.195825576782227,36.44680976867676,61.86628341674805
541,10.23585168120342,9.288311004638672,36.56363487243652,60.602664947509766
542,11.01540837309956,8.351564407348633,35.80594062805176,57.379722595214844
543,10.776482558214225,9.557485580444336,36.15403175354004,58.16030502319336
544,10.369799714690474,8.181333541870117,39.609670639038086,60.461997985839844
545,9.849622153233419,8.736848831176758,43.801307678222656,66.13588333129883
546,9.991552818704813,9.085416793823242,41.882991790771484,64.26548957824707
547,9.97155199262054,8.924007415771484,43.64776611328125,64.50510025024414
548,9.556574282511415,8.215188980102539,42.140960693359375,64.76187705993652
549,10.149998064041506,10.563373565673828,39.8561954498291,63.88735771179199
550,10.452963825995937,10.637521743774414,37.34159469604492,60.303449630737305
551,10.630494178236692,10.20956039428711,35.828590393066406,59.42845344543457
552,10.173558910921109,8.374691009521484,40.85350036621094,63.88664245605469
553,10.581469390638324,7.954120635986328,34.424543380737305,58.09903144836426
554,10.861035944471347,9.404420852661133,35.03751754760742,57.549476623535156
555,9.96745247148289,10.136127471923828,40.27104377746582,64.65458869934082
556,11.746480372140958,10.10894775390625,34.56401824951172,57.92593955993652
557,10.3285338928166,9.417295455932617,36.57388687133789,61.47956848144531
558,9.980378579671866,10.077953338623047,35.76970100402832,61.5234375
559,10.813211064047003,9.023666381835938,35.00485420227051,57.572364807128906
560,10.377856239747228,10.039567947387695,35.6595516204834,59.58437919616699
561,10.446064953177924,9.392261505126953,36.2086296081543,61.12074851989746
562,10.326347017910999,10.431528091430664,35.32910346984863,60.63556671142578
563,10.487726448709132,11.279106140136719,35.93921661376953,60.6539249420166
564,10.589270115377818,9.870052337646484,33.28514099121094,57.955026626586914
565,8.894283599782007,10.22958755493164,23.693203926086426,75.1953125
566,9.389994582227018,9.9945068359375,23.13685417175293,71.80142402648926
567,10.637450037535253,10.282278060913086,34.49249267578125,60.231685638427734
568,9.366948280059047,8.663654327392578,22.88663387298584,70.37711143493652
569,10.707047912736481,8.496522903442383,34.275054931640625,58.463335037231445
570,9.66253608214173,8.244037628173828,22.36354351043701,66.50638580322266
571,9.582578061279275,10.229349136352539,22.453784942626953,69.39864158630371
572,9.376203516380341,9.31096076965332,23.491382598876953,70.88112831115723
573,10.062602412066571,8.282184600830078,20.29263973236084,64.66388702392578
574,9.544982647778347,10.380029678344727,21.002531051635742,67.84534454345703
575,11.016392064780305,9.479522705078125,30.170917510986328,55.547237396240234
576,9.634746893742921,9.224653244018555,21.557331085205078,67.5361156463623
577,9.81946050727861,9.093046188354492,19.46091651916504,63.8577938079834
578,11.605357888940846,8.443355560302734,26.250123977661133,51.3916015625
579,11.467711463325942,9.101152420043945,22.58777618408203,47.061920166015625
580,10.763816284160578,8.094310760498047,15.864968299865723,56.169986724853516
581,14.015491442281345,9.45425033569336,12.235641479492188,37.306785583496094
582,13.687105553416307,10.52236557006836,11.242151260375977,38.523197174072266
583,14.015819284556649,9.33980941772461,11.31892204284668,36.72456741333008
584,13.822697372757352,9.289979934692383,12.166500091552734,36.905527114868164
585,13.998277876047124,9.025335311889648,11.84988021850586,36.82994842529297
586,13.583426441393739,8.834362030029297,12.764930725097656,38.453102111816406
587,14.099780484279245,10.166645050048828,12.460470199584961,37.35065460205078
588,13.311912250578427,9.127140045166016,13.313055038452148,38.70964050292969
589,13.113305883051796,9.47260856628418,12.317657470703125,40.20237922668457
590,13.595049867592385,9.281396865844727,12.45260238647461,38.39564323425293
591,13.789568162017327,10.49494743347168,12.11404800415039,38.620948791503906
592,12.936079917836864,10.32876968383789,12.945175170898438,39.73031044006348
593,13.598576046323885,9.37342643737793,13.273239135742188,37.979841232299805
594,13.141902837179426,9.009599685668945,13.193130493164062,37.78576850891113
595,17.101529403610062,9.46664810180664,0,23.819684982299805
596,16.359971292164634,8.21232795715332,0,25.8941650390625
597,13.08328212486548,10.01429557800293,13.894081115722656,42.66715049743652
598,13.048157089171498,10.058164596557617,14.10984992980957,40.71617126464844
599,12.936439005132254,10.296344757080078,15.419721603393555,42.15812683105469
600,13.307519758362602,9.059906005859375,15.17176628112793,40.26460647583008
601,12.48520280286478,8.856773376464844,15.256643295288086,41.86892509460449
602,5.988278444759494,75.7300853729248,41.68343544006348,132.46679306030273
603,6.152306214200324,37.441253662109375,74.79667663574219,127.8085708618164
604,6.560775848584389,28.98097038269043,69.05436515808105,115.28873443603516
605,6.2933786271706005,32.44447708129883,74.15366172790527,121.99854850769043
606,11.390013143459228,33.61248970031738,0,49.11994934082031
607,6.631258250922918,39.65497016906738,56.91075325012207,115.11588096618652
608,8.037220710535392,35.79401969909668,33.78772735595703,86.46249771118164
609,6.505762316466731,24.430274963378906,69.03839111328125,111.27400398254395
610,9.232007254766444,25.559425354003906,28.01966667175293,71.41637802124023
611,7.122558908836496,27.131319046020508,29.641389846801758,103.2114028930664
612,13.846746052444793,8.312225341796875,7.169008255004883,33.63513946533203
613,13.183085133801445,8.068561553955078,14.348983764648438,39.678335189819336
614,14.608904028477287,8.244514465332031,8.107900619506836,32.69529342651367
615,13.2027964983962,8.296012878417969,7.611870765686035,41.66221618652344
616,12.575605573161992,8.109331130981445,7.644414901733398,39.895057678222656
617,11.98920649439744,8.353233337402344,8.085012435913086,43.68472099304199
618,14.078058080367333,9.35816764831543,8.36324691772461,33.10847282409668
619,11.857896492646601,9.661436080932617,19.389867782592773,47.69444465637207
620,11.413444792755138,8.22591781616211,11.700272560119629,47.17755317687988
621,12.372943154665329,8.251667022705078,15.179634094238281,39.777278900146484
622,12.577641968015401,7.08317756652832,16.48092269897461,40.82155227661133
623,12.25963761571131,8.090972900390625,20.00904083251953,43.63584518432617
624,11.427905063170428,9.127140045166016,21.64149284362793,48.13528060913086
625,16.777216,7.218122482299805,0,22.655248641967773
626,13.545568459262896,8.971214294433594,8.097648620605469,37.07075119018555
627,16.706580577319095,7.800579071044922,0,23.31066131591797
628,15.804183999517695,7.274627685546875,0,25.607824325561523
629,13.858916280898617,9.035825729370117,8.124589920043945,35.49909591674805
630,14.385682584433447,8.051872253417969,7.436990737915039,31.914710998535156
631,12.294855822924697,8.140087127685547,15.424966812133789,40.581464767456055
632,13.103432763080614,8.141756057739258,13.52691650390625,39.46280479431152
633,13.181842181351906,8.156299591064453,16.349077224731445,41.38755798339844
634,12.56464300906482,8.218765258789062,17.386436462402344,42.78278350830078
635,11.899781257358804,8.018255233764648,11.820673942565918,48.30121994018555
636,7.760173619912265,9.399890899658203,21.260658899943035,90.69657325744629
637,9.825510273403001,9.801387786865234,19.484758377075195,64.33463096618652
638,9.311198824307704,8.144617080688477,22.73106575012207,72.02911376953125
639,8.537328258258869,10.241031646728516,16.85778299967448,77.21710205078125
640,8.682744658035615,8.627176284790039,17.374753952026367,77.789306640625
641,9.168358558700348,9.143829345703125,15.845060348510742,73.12726974487305
642,9.844120242588108,11.366128921508789,18.76521110534668,64.31221961975098
643,10.129162822822533,9.076356887817383,18.996119499206543,63.365936279296875
644,9.902081788950323,8.162260055541992,17.808079719543457,63.32206726074219
645,7.166540797113088,29.963254928588867,57.45863914489746,105.02839088439941
646,5.160607022543107,43.103933334350586,47.92952537536621,157.55295753479004
647,4.5641607678203195,20.420551300048828,72.18992710113525,184.11803245544434
648,3.9822530094972795,53.182125091552734,70.91712951660156,213.14167976379395
649,10.933685771858618,8.46719741821289,14.072775840759277,53.015708923339844
650,11.126950523942167,8.434057235717773,14.097809791564941,52.77109146118164
651,11.163376982859576,8.220911026000977,14.297127723693848,55.64570426940918
652,10.173904395516432,9.116649627685547,18.051624298095703,61.865806579589844
653,12.000595122286185,8.815765380859375,16.415119171142578,45.03011703491211
654,12.534266511668216,8.42905044555664,15.50602912902832,41.45073890686035
655,13.332180546726,8.075952529907227,17.27747917175293,41.09835624694824
656,10.80465952590715,8.307218551635742,15.82801342010498,56.485891342163086
657,10.991132261378167,9.39178466796875,14.814257621765137,54.4281005859375
658,9.94344453505794,9.12785530090332,13.228257497151693,63.11178207397461
659,9.90128702680755,8.968591690063477,13.34238052368164,65.7048225402832
660,8.823890519317954,8.954524993896484,17.137924830118816,75.93703269958496
661,9.356980640440465,9.134292602539062,15.13965924580892,69.62060928344727
662,11.098890456016491,9.058952331542969,14.631390571594238,54.36301231384277
663,11.147355552011907,8.185863494873047,16.278386116027832,55.81808090209961
664,10.46190685237658,9.475469589233398,17.269372940063477,58.71987342834473
665,9.522013235410968,9.175539016723633,14.908313751220703,68.59087944030762
666,9.63609713511154,8.502960205078125,20.724892616271973,65.41061401367188
667,7.476037951421753,9.241819381713867,25.538285573323567,99.82180595397949
668,8.221433373777606,9.116649627685547,20.827531814575195,84.40232276916504
669,10.110825320068558,9.83428955078125,17.161846160888672,57.55805969238281
670,8.310851671759023,9.196043014526367,19.823312759399414,82.02242851257324
671,10.671225906250637,9.20867919921875,18.059253692626953,58.35080146789551
672,10.20688245414658,9.091377258300781,19.463300704956055,60.59908866882324
673,9.68670380326839,10.866880416870117,22.19700813293457,66.57028198242188
674,10.425707922367165,9.187698364257812,18.63551139831543,59.89670753479004
675,10.122953351869015,12.432575225830078,19.045233726501465,62.8209114074707
676,9.132366165228543,9.716033935546875,23.88942241668701,70.03951072692871
677,10.645819902230029,9.023189544677734,18.581748008728027,59.07917022705078
678,9.603619528234061,8.244752883911133,22.705554962158203,66.29109382629395
679,9.653773652217744,8.829832077026367,24.100184440612793,70.69516181945801
680,10.619889200603623,9.223461151123047,18.61572265625,58.83526802062988
681,10.464960890230666,7.725954055786133,19.570231437683105,59.507131576538086
682,9.849992250210184,10.366201400756836,22.07338809967041,66.04361534118652
683,5.3095816190898155,9.226322174072266,65.48845767974854,152.81152725219727
684,4.350179636743804,63.31038475036621,58.771491050720215,193.01891326904297
685,5.80446166620537,16.30115509033203,52.89900302886963,135.6334686279297
686,4.345384322111161,52.22582817077637,65.08660316467285,193.59207153320312
687,11.90153709951563,7.971286773681641,13.766646385192871,49.22962188720703
688,11.118632565636002,8.295297622680664,15.336990356445312,53.096771240234375
689,10.805077039200988,8.193254470825195,17.99297332763672,57.700395584106445
690,11.153847585768574,9.224891662597656,15.268802642822266,52.84929275512695
691,12.02099078572145,9.441375732421875,14.41657543182373,49.36718940734863
692,11.097774520361643,9.18126106262207,15.253305435180664,53.270578384399414
693,9.557249334071608,8.735179901123047,16.559918721516926,69.84210014343262
694,8.672242358579707,8.969783782958984,18.950382868448894,78.75204086303711
695,9.35892235156562,8.198261260986328,16.606489817301433,71.48313522338867
696,8.709066822812197,8.890151977539062,19.081910451253254,79.50639724731445
697,8.636652664525164,9.117603302001953,19.3936030069987,78.78708839416504
698,8.982398430657012,8.25047492980957,18.640597661336262,75.33478736877441
699,8.991082453011387,9.48023796081543,16.677459081013996,71.61664962768555
700,8.868875337263493,9.441852569580078,18.074750900268555,76.1566162109375
701,9.524434967629714,8.129596710205078,16.621828079223633,70.31774520874023
702,8.665935260196818,8.590459823608398,18.660624821980793,77.41212844848633
703,9.021405464932204,9.347200393676758,17.742156982421875,73.42863082885742
704,9.328822727404155,8.013010025024414,16.94480578104655,70.03402709960938
